{
    "properties": {
        "qTitle": "Git test app",
        "qLastReloadTime": "2018-11-20T13:13:56.876Z",
        "qMigrationHash": "98d482c3f964dccf69cbfb9a00e0c048ea6eb221",
        "qSavedInProductVersion": "12.212.4",
        "qThumbnail": {},
        "createdDate": "2018-11-20T12:10:18.937Z",
        "modifiedDate": "2018-11-20T13:17:31.092Z",
        "published": true,
        "publishTime": "2018-11-20T13:17:30.969Z",
        "privileges": [
            "read",
            "update",
            "delete",
            "publish",
            "exportdata",
            "offlineaccess",
            "duplicate"
        ],
        "description": "",
        "dynamicColor": "",
        "create": [
            {
                "resource": "sheet",
                "canCreate": true
            },
            {
                "resource": "bookmark",
                "canCreate": true
            },
            {
                "resource": "story",
                "canCreate": true
            },
            {
                "resource": "dimension",
                "canCreate": true
            },
            {
                "resource": "measure",
                "canCreate": true
            },
            {
                "resource": "masterobject",
                "canCreate": true
            },
            {
                "resource": "folderconnection",
                "canCreate": true
            },
            {
                "resource": "oledbconnection",
                "canCreate": true
            },
            {
                "resource": "odbcconnection",
                "canCreate": true
            },
            {
                "resource": "internetconnection",
                "canCreate": true
            },
            {
                "resource": "customconnection",
                "canCreate": true
            }
        ],
        "stream": {
            "id": "dfa5c293-7b1a-443d-99e1-90cd511fc77c",
            "name": "Test"
        },
        "canCreateDataConnections": true
    },
    "loadScript": "///$tab Main\r\nSET ThousandSep=',';\r\nSET DecimalSep='.';\r\nSET MoneyThousandSep=',';\r\nSET MoneyDecimalSep='.';\r\nSET MoneyFormat='$#,##0.00;-$#,##0.00';\r\nSET TimeFormat='h:mm:ss TT';\r\nSET DateFormat='M/D/YYYY';\r\nSET TimestampFormat='M/D/YYYY h:mm:ss[.fff] TT';\r\nSET FirstWeekDay=6;\r\nSET BrokenWeeks=1;\r\nSET ReferenceDay=0;\r\nSET FirstMonthOfYear=1;\r\nSET CollationLocale='en-US';\r\nSET CreateSearchIndexOnReload=1;\r\nSET MonthNames='Jan;Feb;Mar;Apr;May;Jun;Jul;Aug;Sep;Oct;Nov;Dec';\r\nSET LongMonthNames='January;February;March;April;May;June;July;August;September;October;November;December';\r\nSET DayNames='Mon;Tue;Wed;Thu;Fri;Sat;Sun';\r\nSET LongDayNames='Monday;Tuesday;Wednesday;Thursday;Friday;Saturday;Sunday';\r\nSET NumericalAbbreviation='3:k;6:M;9:G;12:T;15:P;18:E;21:Z;24:Y;-3:m;-6:μ;-9:n;-12:p;-15:f;-18:a;-21:z;-24:y';\r\n\r\n\r\n///$tab Loads\r\n// Base file\r\n// Created by: Fredrik Oskarsson\r\n// Last modified: 2018-11-20 13:13\r\n\r\nSkoldata:\r\nLOAD\r\n    År,\r\n    \"Antal elever\",\r\n    \"Antal lärare\",\r\n    \"Antal elever\" + \"Antal lärare\" as \"Totalt Personer\"\r\nFROM [lib://EI datakälla (azuread_fredrikoskarsson)/Data\\Skoldata\\Skoldata.xlsx]\r\n(ooxml, embedded labels, table is Blad1);\r\n\r\nParcelHistory:\r\nLOAD\r\n    \"Parcel ID\",\r\n    \"Product number\",\r\n    \"Store Code\",\r\n    \"Receiving DateTime\",\r\n    \"Sorted DateTime\",\r\n    \"Closed DateTime\",\r\n    \"Loaded DateTime\",\r\n    \"Delivered DateTime\"\r\nFROM [lib://EI datakälla (azuread_fredrikoskarsson)/Data\\Parcel History\\ParcelHistory.qvd]\r\n(qvd);\r\n\r\n\r\n///$tab Auto-generated section\r\n///$autogenerated\r\n\r\n\r\nUnqualify *;\r\n\r\n\r\n\r\n\r\n",
    "sheets": [
        {
            "qProperty": {
                "qInfo": {
                    "qId": "439d3b9a-e8a0-4e99-94a7-f5d34598a3ff",
                    "qType": "sheet"
                },
                "qMetaDef": {
                    "title": "Analysis",
                    "description": ""
                },
                "rank": 1,
                "thumbnail": {
                    "qStaticContentUrlDef": {}
                },
                "columns": 36,
                "rows": 18,
                "cells": [
                    {
                        "name": "mnZysm",
                        "type": "linechart",
                        "col": 0,
                        "row": 2,
                        "colspan": 36,
                        "rowspan": 16,
                        "bounds": {
                            "y": 8.333333333333332,
                            "x": 0,
                            "width": 100,
                            "height": 91.66666666666666
                        }
                    }
                ],
                "qChildListDef": {
                    "qData": {
                        "title": "/title"
                    }
                },
                "gridResolution": "large"
            },
            "qChildren": [
                {
                    "qProperty": {
                        "qInfo": {
                            "qId": "mnZysm",
                            "qType": "linechart"
                        },
                        "qMetaDef": {},
                        "qHyperCubeDef": {
                            "qDimensions": [
                                {
                                    "qDef": {
                                        "qGrouping": "N",
                                        "qFieldDefs": [
                                            "År"
                                        ],
                                        "qFieldLabels": [
                                            ""
                                        ],
                                        "qSortCriterias": [
                                            {
                                                "qSortByNumeric": 1,
                                                "qSortByAscii": 1,
                                                "qSortByLoadOrder": 1,
                                                "qExpression": {}
                                            }
                                        ],
                                        "qNumberPresentations": [],
                                        "qActiveField": 0,
                                        "autoSort": true,
                                        "cId": "kDRDnC",
                                        "othersLabel": "Others"
                                    },
                                    "qOtherTotalSpec": {
                                        "qOtherMode": "OTHER_OFF",
                                        "qOtherCounted": {
                                            "qv": "10"
                                        },
                                        "qOtherLimit": {
                                            "qv": "0"
                                        },
                                        "qOtherLimitMode": "OTHER_GE_LIMIT",
                                        "qForceBadValueKeeping": true,
                                        "qApplyEvenWhenPossiblyWrongResult": true,
                                        "qOtherSortMode": "OTHER_SORT_DESCENDING",
                                        "qTotalMode": "TOTAL_OFF",
                                        "qReferencedExpression": {}
                                    },
                                    "qOtherLabel": {
                                        "qv": "Others"
                                    },
                                    "qTotalLabel": {},
                                    "qCalcCond": {},
                                    "qAttributeExpressions": [],
                                    "qAttributeDimensions": [],
                                    "qCalcCondition": {
                                        "qCond": {},
                                        "qMsg": {}
                                    }
                                }
                            ],
                            "qMeasures": [
                                {
                                    "qDef": {
                                        "qTags": [],
                                        "qGrouping": "N",
                                        "qDef": "Sum([Antal elever])",
                                        "qNumFormat": {
                                            "qType": "U",
                                            "qnDec": 10,
                                            "qUseThou": 0
                                        },
                                        "qAccumulate": 0,
                                        "qActiveExpression": 0,
                                        "qExpressions": [],
                                        "autoSort": true,
                                        "cId": "USUmtT",
                                        "numFormatFromTemplate": true
                                    },
                                    "qSortBy": {
                                        "qSortByNumeric": -1,
                                        "qSortByLoadOrder": 1,
                                        "qExpression": {}
                                    },
                                    "qAttributeExpressions": [],
                                    "qAttributeDimensions": [],
                                    "qCalcCond": {},
                                    "qCalcCondition": {
                                        "qCond": {},
                                        "qMsg": {}
                                    }
                                },
                                {
                                    "qDef": {
                                        "qTags": [],
                                        "qGrouping": "N",
                                        "qDef": "Sum([Antal lärare])",
                                        "qNumFormat": {
                                            "qType": "U",
                                            "qnDec": 10,
                                            "qUseThou": 0
                                        },
                                        "qAccumulate": 0,
                                        "qActiveExpression": 0,
                                        "qExpressions": [],
                                        "autoSort": true,
                                        "cId": "AErfVw",
                                        "numFormatFromTemplate": true
                                    },
                                    "qSortBy": {
                                        "qSortByNumeric": -1,
                                        "qSortByLoadOrder": 1,
                                        "qExpression": {}
                                    },
                                    "qAttributeExpressions": [],
                                    "qAttributeDimensions": [],
                                    "qCalcCond": {},
                                    "qCalcCondition": {
                                        "qCond": {},
                                        "qMsg": {}
                                    }
                                }
                            ],
                            "qInterColumnSortOrder": [
                                0,
                                1,
                                2
                            ],
                            "qSuppressMissing": true,
                            "qInitialDataFetch": [
                                {
                                    "qLeft": 0,
                                    "qTop": 0,
                                    "qWidth": 17,
                                    "qHeight": 500
                                }
                            ],
                            "qReductionMode": "N",
                            "qMode": "S",
                            "qPseudoDimPos": -1,
                            "qNoOfLeftDims": -1,
                            "qAlwaysFullyExpanded": true,
                            "qMaxStackedCells": 5000,
                            "qCalcCond": {},
                            "qTitle": {},
                            "qCalcCondition": {
                                "qCond": {},
                                "qMsg": {}
                            },
                            "qColumnOrder": [],
                            "qLayoutExclude": {
                                "qHyperCubeDef": {
                                    "qDimensions": [],
                                    "qMeasures": [],
                                    "qInterColumnSortOrder": [],
                                    "qInitialDataFetch": [],
                                    "qReductionMode": "N",
                                    "qMode": "S",
                                    "qPseudoDimPos": -1,
                                    "qNoOfLeftDims": -1,
                                    "qMaxStackedCells": 5000,
                                    "qCalcCond": {},
                                    "qTitle": {},
                                    "qCalcCondition": {
                                        "qCond": {},
                                        "qMsg": {}
                                    },
                                    "qColumnOrder": []
                                }
                            }
                        },
                        "refLine": {
                            "refLines": []
                        },
                        "showTitles": true,
                        "title": "",
                        "subtitle": "",
                        "footnote": "",
                        "showDetails": false,
                        "lineType": "line",
                        "stackedArea": false,
                        "separateStacking": true,
                        "scrollStartPos": 0,
                        "nullMode": "gap",
                        "dataPoint": {
                            "show": false,
                            "showLabels": false
                        },
                        "gridLine": {
                            "auto": true,
                            "spacing": 2
                        },
                        "color": {
                            "auto": true,
                            "mode": "primary",
                            "useBaseColors": "off",
                            "paletteColor": {
                                "index": 6
                            },
                            "useDimColVal": true,
                            "useMeasureGradient": true,
                            "persistent": false,
                            "expressionIsColor": true,
                            "expressionLabel": "",
                            "measureScheme": "sg",
                            "reverseScheme": false,
                            "dimensionScheme": "12",
                            "autoMinMax": true,
                            "measureMin": 0,
                            "measureMax": 10
                        },
                        "legend": {
                            "show": true,
                            "dock": "auto",
                            "showTitle": true
                        },
                        "dimensionAxis": {
                            "continuousAuto": true,
                            "show": "all",
                            "label": "auto",
                            "dock": "near"
                        },
                        "preferContinuousAxis": true,
                        "showMiniChartForContinuousAxis": true,
                        "measureAxis": {
                            "show": "all",
                            "dock": "near",
                            "spacing": 1,
                            "autoMinMax": true,
                            "minMax": "min",
                            "min": 0,
                            "max": 10,
                            "logarithmic": false
                        },
                        "visualization": "linechart"
                    },
                    "qChildren": []
                }
            ]
        },
        {
            "qProperty": {
                "qInfo": {
                    "qId": "72d08945-a8c2-4acf-a622-dad7d59856e9",
                    "qType": "sheet"
                },
                "qMetaDef": {
                    "title": "Dashboard",
                    "description": ""
                },
                "rank": 0,
                "thumbnail": {
                    "qStaticContentUrlDef": {}
                },
                "columns": 36,
                "rows": 18,
                "cells": [
                    {
                        "name": "XyPqh",
                        "type": "kpi",
                        "col": 0,
                        "row": 0,
                        "colspan": 9,
                        "rowspan": 2,
                        "bounds": {
                            "width": 25,
                            "x": 0,
                            "y": 0,
                            "height": 11.11111111111111
                        }
                    },
                    {
                        "name": "JFwjfj",
                        "type": "linechart",
                        "col": 0,
                        "row": 2,
                        "colspan": 18,
                        "rowspan": 16,
                        "bounds": {
                            "width": 50,
                            "x": 0,
                            "y": 11.11111111111111,
                            "height": 88.88888888888889
                        }
                    },
                    {
                        "name": "PYsWWkf",
                        "type": "linechart",
                        "col": 18,
                        "row": 2,
                        "colspan": 18,
                        "rowspan": 16,
                        "bounds": {
                            "y": 11.11111111111111,
                            "x": 50,
                            "width": 50,
                            "height": 88.88888888888889
                        }
                    },
                    {
                        "name": "bYYbGY",
                        "type": "kpi",
                        "col": 18,
                        "row": 0,
                        "colspan": 8,
                        "rowspan": 2,
                        "bounds": {
                            "y": 0,
                            "x": 50,
                            "width": 22.22222222222222,
                            "height": 11.11111111111111
                        }
                    }
                ],
                "qChildListDef": {
                    "qData": {
                        "title": "/title"
                    }
                },
                "gridResolution": "large"
            },
            "qChildren": [
                {
                    "qProperty": {
                        "qInfo": {
                            "qId": "XyPqh",
                            "qType": "kpi"
                        },
                        "qMetaDef": {},
                        "qHyperCubeDef": {
                            "qDimensions": [],
                            "qMeasures": [
                                {
                                    "qDef": {
                                        "qLabel": "Antal elever",
                                        "qTags": [],
                                        "qGrouping": "N",
                                        "qDef": "Sum([Antal elever])",
                                        "qNumFormat": {
                                            "qType": "U",
                                            "qnDec": 10,
                                            "qUseThou": 0
                                        },
                                        "qAccumulate": 0,
                                        "qActiveExpression": 0,
                                        "qExpressions": [],
                                        "autoSort": true,
                                        "cId": "njSrvm",
                                        "numFormatFromTemplate": true,
                                        "measureAxis": {
                                            "min": 0,
                                            "max": 100
                                        },
                                        "conditionalColoring": {
                                            "useConditionalColoring": false,
                                            "singleColor": 3,
                                            "paletteSingleColor": {
                                                "index": 6
                                            },
                                            "segments": {
                                                "limits": [],
                                                "paletteColors": [
                                                    {
                                                        "index": 6
                                                    }
                                                ]
                                            }
                                        }
                                    },
                                    "qSortBy": {
                                        "qSortByNumeric": -1,
                                        "qSortByLoadOrder": 1,
                                        "qExpression": {}
                                    },
                                    "qAttributeExpressions": [],
                                    "qAttributeDimensions": [],
                                    "qCalcCond": {},
                                    "qCalcCondition": {
                                        "qCond": {},
                                        "qMsg": {}
                                    }
                                }
                            ],
                            "qInterColumnSortOrder": [
                                0
                            ],
                            "qSuppressMissing": true,
                            "qInitialDataFetch": [
                                {
                                    "qLeft": 0,
                                    "qTop": 0,
                                    "qWidth": 500,
                                    "qHeight": 10
                                }
                            ],
                            "qReductionMode": "N",
                            "qMode": "S",
                            "qPseudoDimPos": -1,
                            "qNoOfLeftDims": -1,
                            "qMaxStackedCells": 5000,
                            "qCalcCond": {},
                            "qTitle": {},
                            "qCalcCondition": {
                                "qCond": {},
                                "qMsg": {}
                            },
                            "qColumnOrder": [],
                            "qLayoutExclude": {
                                "qHyperCubeDef": {
                                    "qDimensions": [],
                                    "qMeasures": [],
                                    "qInterColumnSortOrder": [],
                                    "qInitialDataFetch": [],
                                    "qReductionMode": "N",
                                    "qMode": "S",
                                    "qPseudoDimPos": -1,
                                    "qNoOfLeftDims": -1,
                                    "qMaxStackedCells": 5000,
                                    "qCalcCond": {},
                                    "qTitle": {},
                                    "qCalcCondition": {
                                        "qCond": {},
                                        "qMsg": {}
                                    },
                                    "qColumnOrder": []
                                }
                            }
                        },
                        "showTitles": false,
                        "title": "",
                        "subtitle": "",
                        "footnote": "",
                        "showDetails": false,
                        "showMeasureTitle": true,
                        "textAlign": "center",
                        "fontSize": "M",
                        "useLink": false,
                        "sheetLink": "",
                        "openUrlInNewTab": true,
                        "visualization": "kpi"
                    },
                    "qChildren": []
                },
                {
                    "qProperty": {
                        "qInfo": {
                            "qId": "JFwjfj",
                            "qType": "linechart"
                        },
                        "qMetaDef": {},
                        "qHyperCubeDef": {
                            "qDimensions": [
                                {
                                    "qDef": {
                                        "qGrouping": "N",
                                        "qFieldDefs": [
                                            "År"
                                        ],
                                        "qFieldLabels": [
                                            ""
                                        ],
                                        "qSortCriterias": [
                                            {
                                                "qSortByNumeric": 1,
                                                "qSortByAscii": 1,
                                                "qSortByLoadOrder": 1,
                                                "qExpression": {}
                                            }
                                        ],
                                        "qNumberPresentations": [],
                                        "qActiveField": 0,
                                        "autoSort": true,
                                        "cId": "hKenPK",
                                        "othersLabel": "Others"
                                    },
                                    "qOtherTotalSpec": {
                                        "qOtherMode": "OTHER_OFF",
                                        "qOtherCounted": {
                                            "qv": "10"
                                        },
                                        "qOtherLimit": {
                                            "qv": "0"
                                        },
                                        "qOtherLimitMode": "OTHER_GE_LIMIT",
                                        "qForceBadValueKeeping": true,
                                        "qApplyEvenWhenPossiblyWrongResult": true,
                                        "qOtherSortMode": "OTHER_SORT_DESCENDING",
                                        "qTotalMode": "TOTAL_OFF",
                                        "qReferencedExpression": {}
                                    },
                                    "qOtherLabel": {
                                        "qv": "Others"
                                    },
                                    "qTotalLabel": {},
                                    "qCalcCond": {},
                                    "qAttributeExpressions": [],
                                    "qAttributeDimensions": [],
                                    "qCalcCondition": {
                                        "qCond": {},
                                        "qMsg": {}
                                    }
                                }
                            ],
                            "qMeasures": [
                                {
                                    "qDef": {
                                        "qTags": [],
                                        "qGrouping": "N",
                                        "qDef": "Sum([Antal elever])",
                                        "qNumFormat": {
                                            "qType": "U",
                                            "qnDec": 10,
                                            "qUseThou": 0
                                        },
                                        "qAccumulate": 0,
                                        "qActiveExpression": 0,
                                        "qExpressions": [],
                                        "autoSort": true,
                                        "cId": "ARmjJg",
                                        "numFormatFromTemplate": true
                                    },
                                    "qSortBy": {
                                        "qSortByNumeric": -1,
                                        "qSortByLoadOrder": 1,
                                        "qExpression": {}
                                    },
                                    "qAttributeExpressions": [],
                                    "qAttributeDimensions": [],
                                    "qCalcCond": {},
                                    "qCalcCondition": {
                                        "qCond": {},
                                        "qMsg": {}
                                    }
                                }
                            ],
                            "qInterColumnSortOrder": [
                                0,
                                1
                            ],
                            "qSuppressMissing": true,
                            "qInitialDataFetch": [
                                {
                                    "qLeft": 0,
                                    "qTop": 0,
                                    "qWidth": 17,
                                    "qHeight": 500
                                }
                            ],
                            "qReductionMode": "N",
                            "qMode": "S",
                            "qPseudoDimPos": -1,
                            "qNoOfLeftDims": -1,
                            "qAlwaysFullyExpanded": true,
                            "qMaxStackedCells": 5000,
                            "qCalcCond": {},
                            "qTitle": {},
                            "qCalcCondition": {
                                "qCond": {},
                                "qMsg": {}
                            },
                            "qColumnOrder": [],
                            "qLayoutExclude": {
                                "qHyperCubeDef": {
                                    "qDimensions": [],
                                    "qMeasures": [],
                                    "qInterColumnSortOrder": [],
                                    "qInitialDataFetch": [],
                                    "qReductionMode": "N",
                                    "qMode": "S",
                                    "qPseudoDimPos": -1,
                                    "qNoOfLeftDims": -1,
                                    "qMaxStackedCells": 5000,
                                    "qCalcCond": {},
                                    "qTitle": {},
                                    "qCalcCondition": {
                                        "qCond": {},
                                        "qMsg": {}
                                    },
                                    "qColumnOrder": []
                                }
                            }
                        },
                        "refLine": {
                            "refLines": []
                        },
                        "showTitles": true,
                        "title": "",
                        "subtitle": "",
                        "footnote": "",
                        "showDetails": false,
                        "lineType": "line",
                        "stackedArea": false,
                        "separateStacking": true,
                        "scrollStartPos": 0,
                        "nullMode": "gap",
                        "dataPoint": {
                            "show": false,
                            "showLabels": false
                        },
                        "gridLine": {
                            "auto": true,
                            "spacing": 2
                        },
                        "color": {
                            "auto": true,
                            "mode": "primary",
                            "useBaseColors": "off",
                            "paletteColor": {
                                "index": 6
                            },
                            "useDimColVal": true,
                            "useMeasureGradient": true,
                            "persistent": false,
                            "expressionIsColor": true,
                            "expressionLabel": "",
                            "measureScheme": "sg",
                            "reverseScheme": false,
                            "dimensionScheme": "12",
                            "autoMinMax": true,
                            "measureMin": 0,
                            "measureMax": 10
                        },
                        "legend": {
                            "show": true,
                            "dock": "auto",
                            "showTitle": true
                        },
                        "dimensionAxis": {
                            "continuousAuto": true,
                            "show": "all",
                            "label": "auto",
                            "dock": "near"
                        },
                        "preferContinuousAxis": true,
                        "showMiniChartForContinuousAxis": true,
                        "measureAxis": {
                            "show": "all",
                            "dock": "near",
                            "spacing": 1,
                            "autoMinMax": true,
                            "minMax": "min",
                            "min": 0,
                            "max": 10,
                            "logarithmic": false
                        },
                        "visualization": "linechart"
                    },
                    "qChildren": []
                },
                {
                    "qProperty": {
                        "qInfo": {
                            "qId": "PYsWWkf",
                            "qType": "linechart"
                        },
                        "qMetaDef": {},
                        "qHyperCubeDef": {
                            "qDimensions": [
                                {
                                    "qDef": {
                                        "qGrouping": "N",
                                        "qFieldDefs": [
                                            "År"
                                        ],
                                        "qFieldLabels": [
                                            ""
                                        ],
                                        "qSortCriterias": [
                                            {
                                                "qSortByNumeric": 1,
                                                "qSortByAscii": 1,
                                                "qSortByLoadOrder": 1,
                                                "qExpression": {}
                                            }
                                        ],
                                        "qNumberPresentations": [],
                                        "qActiveField": 0,
                                        "autoSort": true,
                                        "cId": "JfMc",
                                        "othersLabel": "Others"
                                    },
                                    "qOtherTotalSpec": {
                                        "qOtherMode": "OTHER_OFF",
                                        "qOtherCounted": {
                                            "qv": "10"
                                        },
                                        "qOtherLimit": {
                                            "qv": "0"
                                        },
                                        "qOtherLimitMode": "OTHER_GE_LIMIT",
                                        "qForceBadValueKeeping": true,
                                        "qApplyEvenWhenPossiblyWrongResult": true,
                                        "qOtherSortMode": "OTHER_SORT_DESCENDING",
                                        "qTotalMode": "TOTAL_OFF",
                                        "qReferencedExpression": {}
                                    },
                                    "qOtherLabel": {
                                        "qv": "Others"
                                    },
                                    "qTotalLabel": {},
                                    "qCalcCond": {},
                                    "qAttributeExpressions": [],
                                    "qAttributeDimensions": [],
                                    "qCalcCondition": {
                                        "qCond": {},
                                        "qMsg": {}
                                    }
                                }
                            ],
                            "qMeasures": [
                                {
                                    "qDef": {
                                        "qTags": [],
                                        "qGrouping": "N",
                                        "qDef": "Sum([Antal lärare])",
                                        "qNumFormat": {
                                            "qType": "U",
                                            "qnDec": 10,
                                            "qUseThou": 0
                                        },
                                        "qAccumulate": 0,
                                        "qActiveExpression": 0,
                                        "qExpressions": [],
                                        "autoSort": true,
                                        "cId": "zMmXdqu",
                                        "numFormatFromTemplate": true
                                    },
                                    "qSortBy": {
                                        "qSortByNumeric": -1,
                                        "qSortByLoadOrder": 1,
                                        "qExpression": {}
                                    },
                                    "qAttributeExpressions": [],
                                    "qAttributeDimensions": [],
                                    "qCalcCond": {},
                                    "qCalcCondition": {
                                        "qCond": {},
                                        "qMsg": {}
                                    }
                                }
                            ],
                            "qInterColumnSortOrder": [
                                0,
                                1
                            ],
                            "qSuppressMissing": true,
                            "qInitialDataFetch": [
                                {
                                    "qLeft": 0,
                                    "qTop": 0,
                                    "qWidth": 17,
                                    "qHeight": 500
                                }
                            ],
                            "qReductionMode": "N",
                            "qMode": "S",
                            "qPseudoDimPos": -1,
                            "qNoOfLeftDims": -1,
                            "qAlwaysFullyExpanded": true,
                            "qMaxStackedCells": 5000,
                            "qCalcCond": {},
                            "qTitle": {},
                            "qCalcCondition": {
                                "qCond": {},
                                "qMsg": {}
                            },
                            "qColumnOrder": [],
                            "qLayoutExclude": {
                                "qHyperCubeDef": {
                                    "qDimensions": [],
                                    "qMeasures": [],
                                    "qInterColumnSortOrder": [],
                                    "qInitialDataFetch": [],
                                    "qReductionMode": "N",
                                    "qMode": "S",
                                    "qPseudoDimPos": -1,
                                    "qNoOfLeftDims": -1,
                                    "qMaxStackedCells": 5000,
                                    "qCalcCond": {},
                                    "qTitle": {},
                                    "qCalcCondition": {
                                        "qCond": {},
                                        "qMsg": {}
                                    },
                                    "qColumnOrder": []
                                }
                            }
                        },
                        "refLine": {
                            "refLines": []
                        },
                        "showTitles": true,
                        "title": "",
                        "subtitle": "",
                        "footnote": "",
                        "showDetails": false,
                        "lineType": "line",
                        "stackedArea": false,
                        "separateStacking": true,
                        "scrollStartPos": 0,
                        "nullMode": "gap",
                        "dataPoint": {
                            "show": false,
                            "showLabels": false
                        },
                        "gridLine": {
                            "auto": true,
                            "spacing": 2
                        },
                        "color": {
                            "auto": true,
                            "mode": "primary",
                            "useBaseColors": "off",
                            "paletteColor": {
                                "index": 6
                            },
                            "useDimColVal": true,
                            "useMeasureGradient": true,
                            "persistent": false,
                            "expressionIsColor": true,
                            "expressionLabel": "",
                            "measureScheme": "sg",
                            "reverseScheme": false,
                            "dimensionScheme": "12",
                            "autoMinMax": true,
                            "measureMin": 0,
                            "measureMax": 10
                        },
                        "legend": {
                            "show": true,
                            "dock": "auto",
                            "showTitle": true
                        },
                        "dimensionAxis": {
                            "continuousAuto": true,
                            "show": "all",
                            "label": "auto",
                            "dock": "near"
                        },
                        "preferContinuousAxis": true,
                        "showMiniChartForContinuousAxis": true,
                        "measureAxis": {
                            "show": "all",
                            "dock": "near",
                            "spacing": 1,
                            "autoMinMax": true,
                            "minMax": "min",
                            "min": 0,
                            "max": 10,
                            "logarithmic": false
                        },
                        "visualization": "linechart"
                    },
                    "qChildren": []
                },
                {
                    "qProperty": {
                        "qInfo": {
                            "qId": "bYYbGY",
                            "qType": "kpi"
                        },
                        "qMetaDef": {},
                        "qHyperCubeDef": {
                            "qDimensions": [],
                            "qMeasures": [
                                {
                                    "qDef": {
                                        "qLabel": "Antal lärare",
                                        "qTags": [],
                                        "qGrouping": "N",
                                        "qDef": "Sum([Antal lärare])",
                                        "qNumFormat": {
                                            "qType": "U",
                                            "qnDec": 10,
                                            "qUseThou": 0
                                        },
                                        "qAccumulate": 0,
                                        "qActiveExpression": 0,
                                        "qExpressions": [],
                                        "autoSort": true,
                                        "cId": "njSrvm",
                                        "numFormatFromTemplate": true,
                                        "measureAxis": {
                                            "min": 0,
                                            "max": 100
                                        },
                                        "conditionalColoring": {
                                            "useConditionalColoring": false,
                                            "singleColor": 3,
                                            "paletteSingleColor": {
                                                "index": 6
                                            },
                                            "segments": {
                                                "limits": [],
                                                "paletteColors": [
                                                    {
                                                        "index": 6
                                                    }
                                                ]
                                            }
                                        }
                                    },
                                    "qSortBy": {
                                        "qSortByNumeric": -1,
                                        "qSortByLoadOrder": 1,
                                        "qExpression": {}
                                    },
                                    "qAttributeExpressions": [],
                                    "qAttributeDimensions": [],
                                    "qCalcCond": {},
                                    "qCalcCondition": {
                                        "qCond": {},
                                        "qMsg": {}
                                    }
                                }
                            ],
                            "qInterColumnSortOrder": [
                                0
                            ],
                            "qSuppressMissing": true,
                            "qInitialDataFetch": [
                                {
                                    "qLeft": 0,
                                    "qTop": 0,
                                    "qWidth": 500,
                                    "qHeight": 10
                                }
                            ],
                            "qReductionMode": "N",
                            "qMode": "S",
                            "qPseudoDimPos": -1,
                            "qNoOfLeftDims": -1,
                            "qMaxStackedCells": 5000,
                            "qCalcCond": {},
                            "qTitle": {},
                            "qCalcCondition": {
                                "qCond": {},
                                "qMsg": {}
                            },
                            "qColumnOrder": [],
                            "qLayoutExclude": {
                                "qHyperCubeDef": {
                                    "qDimensions": [],
                                    "qMeasures": [],
                                    "qInterColumnSortOrder": [],
                                    "qInitialDataFetch": [],
                                    "qReductionMode": "N",
                                    "qMode": "S",
                                    "qPseudoDimPos": -1,
                                    "qNoOfLeftDims": -1,
                                    "qMaxStackedCells": 5000,
                                    "qCalcCond": {},
                                    "qTitle": {},
                                    "qCalcCondition": {
                                        "qCond": {},
                                        "qMsg": {}
                                    },
                                    "qColumnOrder": []
                                }
                            }
                        },
                        "showTitles": false,
                        "title": "",
                        "subtitle": "",
                        "footnote": "",
                        "showDetails": false,
                        "showMeasureTitle": true,
                        "textAlign": "center",
                        "fontSize": "M",
                        "useLink": false,
                        "sheetLink": "",
                        "openUrlInNewTab": true,
                        "visualization": "kpi"
                    },
                    "qChildren": []
                }
            ]
        },
        {
            "qProperty": {
                "qInfo": {
                    "qId": "4d8545e5-3b67-4033-8be6-4e3e0ae028e9",
                    "qType": "sheet"
                },
                "qMetaDef": {
                    "title": "My new sheet",
                    "description": ""
                },
                "rank": 0,
                "thumbnail": {
                    "qStaticContentUrlDef": {}
                },
                "columns": 24,
                "rows": 12,
                "cells": [],
                "qChildListDef": {
                    "qData": {
                        "title": "/title"
                    }
                },
                "gridResolution": "small"
            },
            "qChildren": []
        }
    ],
    "stories": [],
    "masterobjects": [],
    "appprops": [],
    "dimensions": [],
    "snapshots": [],
    "measures": [],
    "dataconnections": [
        {
            "qConnection": {
                "qId": "a6261e01-302f-4e3f-8fb9-cb6a447c591a",
                "qName": "QLogs",
                "qConnectionString": "CUSTOM CONNECT TO \"provider=QvOdbcConnectorPackage.exe;driver=postgres;host=LAPTOP-4Q5E2HTC;port=4432;db=QLogs;FetchTSWTZasTimestamp=1;MaxVarcharSize=262144;\"",
                "qType": "QvOdbcConnectorPackage.exe",
                "qMeta": {
                    "qArchitecture": 0,
                    "createdDate": "2018-09-03T14:06:56.405Z",
                    "modifiedDate": "2018-09-03T14:06:56.405Z",
                    "privileges": [
                        "read",
                        "update",
                        "delete"
                    ]
                },
                "qLogOn": "LOG_ON_SERVICE_USER"
            }
        },
        {
            "qConnection": {
                "qId": "47a1cfd8-f70e-4a98-a00d-00fca6c8e253",
                "qName": "AttachedFiles",
                "qConnectionString": "\\\\LAPTOP-4Q5E2HTC\\SenseShare\\_SharedPersistence\\StaticContent\\AppContent\\<APP_ID>",
                "qType": "folder",
                "qMeta": {
                    "qArchitecture": 0,
                    "createdDate": "2018-09-03T14:06:56.462Z",
                    "modifiedDate": "2018-09-03T14:06:56.462Z",
                    "privileges": [
                        "read",
                        "update",
                        "delete"
                    ]
                },
                "qLogOn": "LOG_ON_SERVICE_USER"
            }
        },
        {
            "qConnection": {
                "qId": "059b0778-1d27-4398-8973-300484554382",
                "qName": "ArchivedLogsFolder",
                "qConnectionString": "\\\\LAPTOP-4Q5E2HTC\\SenseShare\\_SharedPersistence\\ArchivedLogs",
                "qType": "folder",
                "qMeta": {
                    "qArchitecture": 0,
                    "createdDate": "2018-09-03T14:06:57.013Z",
                    "modifiedDate": "2018-09-03T14:06:57.013Z",
                    "privileges": [
                        "read",
                        "update",
                        "delete"
                    ]
                },
                "qLogOn": "LOG_ON_SERVICE_USER"
            }
        },
        {
            "qConnection": {
                "qId": "06c3c2f6-7dc1-4e84-9ea6-0f15a67266de",
                "qName": "monitor_apps_REST_event",
                "qConnectionString": "CUSTOM CONNECT TO \"provider=QvRestConnector.exe;url=https://laptop-4q5e2htc/qrs/event/full;timeout=900;method=GET;autoDetectResponseType=true;keyGenerationStrategy=0;authSchema=ntlm;skipServerCertificateValidation=true;useCertificate=No;certificateStoreLocation=LocalMachine;certificateStoreName=My;trustedLocations=qrs-proxy%2https://laptop-4q5e2htc:4244;queryParameters=xrfkey%20000000000000000;addMissingQueryParametersToFinalRequest=false;queryHeaders=X-Qlik-XrfKey%20000000000000000%1User-Agent%2Windows;PaginationType=None;\"",
                "qType": "QvRestConnector.exe",
                "qMeta": {
                    "qArchitecture": 0,
                    "createdDate": "2018-09-03T14:06:56.958Z",
                    "modifiedDate": "2018-11-07T15:08:23.583Z",
                    "privileges": [
                        "read",
                        "update",
                        "delete"
                    ]
                },
                "qLogOn": "LOG_ON_SERVICE_USER"
            }
        },
        {
            "qConnection": {
                "qId": "c9c9659f-5f63-478c-b101-3f32c68ed35a",
                "qName": "monitor_apps_REST_license_login",
                "qConnectionString": "CUSTOM CONNECT TO \"provider=QvRestConnector.exe;url=https://laptop-4q5e2htc/qrs/license/loginaccesstype/full;timeout=900;method=GET;autoDetectResponseType=true;keyGenerationStrategy=0;authSchema=ntlm;skipServerCertificateValidation=true;useCertificate=No;certificateStoreLocation=LocalMachine;certificateStoreName=My;trustedLocations=qrs-proxy%2https://laptop-4q5e2htc:4244;queryParameters=xrfkey%20000000000000000;addMissingQueryParametersToFinalRequest=false;queryHeaders=X-Qlik-XrfKey%20000000000000000%1User-Agent%2Windows;PaginationType=None;\"",
                "qType": "QvRestConnector.exe",
                "qMeta": {
                    "qArchitecture": 0,
                    "createdDate": "2018-09-03T14:06:56.958Z",
                    "modifiedDate": "2018-11-07T15:08:30.674Z",
                    "privileges": [
                        "read",
                        "update",
                        "delete"
                    ]
                },
                "qLogOn": "LOG_ON_SERVICE_USER"
            }
        },
        {
            "qConnection": {
                "qId": "136bde2c-741d-4d36-bedf-9ca98d7080b9",
                "qName": "monitor_apps_REST_license_overview",
                "qConnectionString": "CUSTOM CONNECT TO \"provider=QvRestConnector.exe;url=https://laptop-4q5e2htc/qrs/license/accesstypeoverview;timeout=900;method=GET;autoDetectResponseType=true;keyGenerationStrategy=0;authSchema=ntlm;skipServerCertificateValidation=true;useCertificate=No;certificateStoreLocation=LocalMachine;certificateStoreName=My;trustedLocations=qrs-proxy%2https://laptop-4q5e2htc:4244;queryParameters=xrfkey%20000000000000000;addMissingQueryParametersToFinalRequest=false;queryHeaders=X-Qlik-XrfKey%20000000000000000%1User-Agent%2Windows;PaginationType=None;\"",
                "qType": "QvRestConnector.exe",
                "qMeta": {
                    "qArchitecture": 0,
                    "createdDate": "2018-09-03T14:06:56.958Z",
                    "modifiedDate": "2018-11-07T15:08:36.347Z",
                    "privileges": [
                        "read",
                        "update",
                        "delete"
                    ]
                },
                "qLogOn": "LOG_ON_SERVICE_USER"
            }
        },
        {
            "qConnection": {
                "qId": "089f7da4-4f46-4c1a-bbd1-ec61cf7bf07f",
                "qName": "monitor_apps_REST_license_user",
                "qConnectionString": "CUSTOM CONNECT TO \"provider=QvRestConnector.exe;url=https://laptop-4q5e2htc/qrs/license/useraccesstype/full;timeout=900;method=GET;autoDetectResponseType=true;keyGenerationStrategy=0;authSchema=ntlm;skipServerCertificateValidation=true;useCertificate=No;certificateStoreLocation=LocalMachine;certificateStoreName=My;trustedLocations=qrs-proxy%2https://laptop-4q5e2htc:4244;queryParameters=xrfkey%20000000000000000;addMissingQueryParametersToFinalRequest=false;queryHeaders=X-Qlik-XrfKey%20000000000000000%1User-Agent%2Windows;PaginationType=None;\"",
                "qType": "QvRestConnector.exe",
                "qMeta": {
                    "qArchitecture": 0,
                    "createdDate": "2018-09-03T14:06:56.958Z",
                    "modifiedDate": "2018-11-07T15:08:45.685Z",
                    "privileges": [
                        "read",
                        "update",
                        "delete"
                    ]
                },
                "qLogOn": "LOG_ON_SERVICE_USER"
            }
        },
        {
            "qConnection": {
                "qId": "3201a27b-802a-4a5e-ade5-bf36e07fcb3a",
                "qName": "monitor_apps_REST_appobject",
                "qConnectionString": "CUSTOM CONNECT TO \"provider=QvRestConnector.exe;url=https://laptop-4q5e2htc/qrs/app/object/full;timeout=900;method=GET;autoDetectResponseType=true;keyGenerationStrategy=0;authSchema=ntlm;skipServerCertificateValidation=true;useCertificate=No;certificateStoreLocation=LocalMachine;certificateStoreName=My;trustedLocations=qrs-proxy%2https://laptop-4q5e2htc:4244;queryParameters=xrfkey%20000000000000000;addMissingQueryParametersToFinalRequest=false;queryHeaders=X-Qlik-XrfKey%20000000000000000%1User-Agent%2Windows;PaginationType=None;\"",
                "qType": "QvRestConnector.exe",
                "qMeta": {
                    "qArchitecture": 0,
                    "createdDate": "2018-09-03T14:06:56.958Z",
                    "modifiedDate": "2018-11-07T15:08:17.394Z",
                    "privileges": [
                        "read",
                        "update",
                        "delete"
                    ]
                },
                "qLogOn": "LOG_ON_SERVICE_USER"
            }
        },
        {
            "qConnection": {
                "qId": "1d35a28f-3990-4753-a865-8329da82c228",
                "qName": "monitor_apps_REST_user",
                "qConnectionString": "CUSTOM CONNECT TO \"provider=QvRestConnector.exe;url=https://laptop-4q5e2htc/qrs/user/full;timeout=900;method=GET;autoDetectResponseType=true;keyGenerationStrategy=0;authSchema=ntlm;skipServerCertificateValidation=true;useCertificate=No;certificateStoreLocation=LocalMachine;certificateStoreName=My;trustedLocations=qrs-proxy%2https://laptop-4q5e2htc:4244;queryParameters=xrfkey%20000000000000000;addMissingQueryParametersToFinalRequest=false;queryHeaders=X-Qlik-XrfKey%20000000000000000%1User-Agent%2Windows;PaginationType=None;\"",
                "qType": "QvRestConnector.exe",
                "qMeta": {
                    "qArchitecture": 0,
                    "createdDate": "2018-09-03T14:06:56.958Z",
                    "modifiedDate": "2018-11-07T15:08:54.682Z",
                    "privileges": [
                        "read",
                        "update",
                        "delete"
                    ]
                },
                "qLogOn": "LOG_ON_SERVICE_USER"
            }
        },
        {
            "qConnection": {
                "qId": "0cf9de8e-c340-491c-8a35-ec82683fad69",
                "qName": "monitor_apps_REST_task",
                "qConnectionString": "CUSTOM CONNECT TO \"provider=QvRestConnector.exe;url=https://laptop-4q5e2htc/qrs/task/full;timeout=900;method=GET;autoDetectResponseType=true;keyGenerationStrategy=0;authSchema=ntlm;skipServerCertificateValidation=true;useCertificate=No;certificateStoreLocation=LocalMachine;certificateStoreName=My;trustedLocations=qrs-proxy%2https://laptop-4q5e2htc:4244;queryParameters=xrfkey%20000000000000000;addMissingQueryParametersToFinalRequest=false;queryHeaders=X-Qlik-XrfKey%20000000000000000%1User-Agent%2Windows;PaginationType=None;\"",
                "qType": "QvRestConnector.exe",
                "qMeta": {
                    "qArchitecture": 0,
                    "createdDate": "2018-09-03T14:06:56.958Z",
                    "modifiedDate": "2018-11-07T15:08:50.800Z",
                    "privileges": [
                        "read",
                        "update",
                        "delete"
                    ]
                },
                "qLogOn": "LOG_ON_SERVICE_USER"
            }
        },
        {
            "qConnection": {
                "qId": "08bba3af-305a-4ce0-a8d0-419978c53980",
                "qName": "ServerLogFolder",
                "qConnectionString": "C:\\ProgramData\\Qlik\\Sense\\Log\\",
                "qType": "folder",
                "qMeta": {
                    "qArchitecture": 0,
                    "createdDate": "2018-09-03T14:07:29.352Z",
                    "modifiedDate": "2018-09-03T14:07:29.352Z",
                    "privileges": [
                        "read",
                        "update",
                        "delete"
                    ]
                },
                "qLogOn": "LOG_ON_SERVICE_USER"
            }
        },
        {
            "qConnection": {
                "qId": "afafcaa2-72d4-4622-98c5-d9c1844b2791",
                "qName": "EI datakälla (azuread_fredrikoskarsson)",
                "qConnectionString": "C:\\Users\\FredrikOskarsson\\DrakeStone AB\\Drake Analytics - Documents\\Övrigt\\Kurser\\20181109 Qlik Sense User Training - Energimarknadsinspektionen\\",
                "qType": "folder",
                "qMeta": {
                    "qArchitecture": 0,
                    "createdDate": "2018-11-09T08:39:53.184Z",
                    "modifiedDate": "2018-11-09T08:39:53.184Z",
                    "privileges": [
                        "read",
                        "update",
                        "delete"
                    ]
                },
                "qLogOn": "LOG_ON_SERVICE_USER"
            }
        },
        {
            "qConnection": {
                "qId": "3255d484-b650-488b-a452-e5c5d02ba5a6",
                "qName": "supercharge.info",
                "qConnectionString": "CUSTOM CONNECT TO \"provider=QvRestConnector.exe;url=https://supercharge.info/service/supercharge/allSites;timeout=30;method=GET;sendExpect100Continue=true;autoDetectResponseType=true;checkResponseTypeOnTestConnection=true;keyGenerationStrategy=0;authSchema=anonymous;skipServerCertificateValidation=false;useCertificate=No;certificateStoreLocation=LocalMachine;certificateStoreName=My;addMissingQueryParametersToFinalRequest=false;PaginationType=None;allowResponseHeaders=false;allowHttpsOnly=false;\"",
                "qType": "QvRestConnector.exe",
                "qMeta": {
                    "qArchitecture": 0,
                    "createdDate": "2018-10-09T12:43:04.483Z",
                    "modifiedDate": "2018-10-09T12:44:38.199Z",
                    "privileges": [
                        "read",
                        "update",
                        "delete"
                    ]
                },
                "qLogOn": "LOG_ON_SERVICE_USER"
            }
        },
        {
            "qConnection": {
                "qId": "82789c18-b81e-485d-899d-6ac314253059",
                "qName": "monitor_apps_REST_app",
                "qConnectionString": "CUSTOM CONNECT TO \"provider=QvRestConnector.exe;url=https://laptop-4q5e2htc/qrs/app/full;timeout=900;method=GET;autoDetectResponseType=true;keyGenerationStrategy=0;authSchema=ntlm;skipServerCertificateValidation=true;useCertificate=No;certificateStoreLocation=LocalMachine;certificateStoreName=My;trustedLocations=qrs-proxy%2https://laptop-4q5e2htc:4244;queryParameters=xrfkey%20000000000000000;addMissingQueryParametersToFinalRequest=false;queryHeaders=X-Qlik-XrfKey%20000000000000000%1User-Agent%2Windows;PaginationType=None;\"",
                "qType": "QvRestConnector.exe",
                "qMeta": {
                    "qArchitecture": 0,
                    "createdDate": "2018-09-03T14:06:56.958Z",
                    "modifiedDate": "2018-11-07T15:05:57.595Z",
                    "privileges": [
                        "read",
                        "update",
                        "delete"
                    ]
                },
                "qLogOn": "LOG_ON_SERVICE_USER"
            }
        },
        {
            "qConnection": {
                "qId": "a10b8554-8858-4d3f-aece-9c881c1b94aa",
                "qName": "monitor_apps_REST_license_analyzer",
                "qConnectionString": "CUSTOM CONNECT TO \"provider=QvRestConnector.exe;url=https://laptop-4q5e2htc/qrs/license/analyzeraccesstype/full;timeout=900;method=GET;autoDetectResponseType=true;keyGenerationStrategy=0;authSchema=ntlm;skipServerCertificateValidation=true;useCertificate=No;certificateStoreLocation=LocalMachine;certificateStoreName=My;trustedLocations=qrs-proxy%2https://laptop-4q5e2htc:4244;queryParameters=xrfkey%20000000000000000;addMissingQueryParametersToFinalRequest=false;queryHeaders=X-Qlik-XrfKey%20000000000000000%1User-Agent%2Windows;PaginationType=None;\"",
                "qType": "QvRestConnector.exe",
                "qMeta": {
                    "qArchitecture": 0,
                    "createdDate": "2018-09-03T14:06:56.958Z",
                    "modifiedDate": "2018-11-07T15:08:27.014Z",
                    "privileges": [
                        "read",
                        "update",
                        "delete"
                    ]
                },
                "qLogOn": "LOG_ON_SERVICE_USER"
            }
        },
        {
            "qConnection": {
                "qId": "515e135f-6dec-425c-94df-cd38410c699c",
                "qName": "monitor_apps_REST_license_professional",
                "qConnectionString": "CUSTOM CONNECT TO \"provider=QvRestConnector.exe;url=https://laptop-4q5e2htc/qrs/license/professionalaccesstype/full;timeout=900;method=GET;autoDetectResponseType=true;keyGenerationStrategy=0;authSchema=ntlm;skipServerCertificateValidation=true;useCertificate=No;certificateStoreLocation=LocalMachine;certificateStoreName=My;trustedLocations=qrs-proxy%2https://laptop-4q5e2htc:4244;queryParameters=xrfkey%20000000000000000;addMissingQueryParametersToFinalRequest=false;queryHeaders=X-Qlik-XrfKey%20000000000000000%1User-Agent%2Windows;PaginationType=None;\"",
                "qType": "QvRestConnector.exe",
                "qMeta": {
                    "qArchitecture": 0,
                    "createdDate": "2018-09-03T14:06:56.958Z",
                    "modifiedDate": "2018-11-07T15:08:40.395Z",
                    "privileges": [
                        "read",
                        "update",
                        "delete"
                    ]
                },
                "qLogOn": "LOG_ON_SERVICE_USER"
            }
        },
        {
            "qConnection": {
                "qId": "333cb4c9-ddc1-4c1f-8c5f-0f2ccf486be7",
                "qName": "ImportFiles",
                "qConnectionString": "D:\\OneDrive\\DrakeStone AB\\Drake Analytics - Documents\\Qlik\\Utbildning\\Qlik Sense Developer I\\Filer\\Filler till Sense-mapp\\ImportFiles\\",
                "qType": "folder",
                "qMeta": {
                    "qArchitecture": 0,
                    "createdDate": "2018-11-09T08:01:47.518Z",
                    "modifiedDate": "2018-11-09T08:01:47.518Z",
                    "privileges": [
                        "read",
                        "update",
                        "delete"
                    ]
                },
                "qLogOn": "LOG_ON_SERVICE_USER"
            }
        },
        {
            "qConnection": {
                "qId": "dde631c8-73b9-4a89-910f-f03d64cdc089",
                "qName": "Data",
                "qConnectionString": "D:\\OneDrive\\DrakeStone AB\\Drake Analytics - Documents\\Qlik\\Utbildning\\Qlik Sense Developer I\\Filer\\Filler till Sense-mapp\\QVD\\Extract\\",
                "qType": "folder",
                "qMeta": {
                    "qArchitecture": 0,
                    "createdDate": "2018-11-09T08:01:47.518Z",
                    "modifiedDate": "2018-11-09T08:01:47.518Z",
                    "privileges": [
                        "read",
                        "update",
                        "delete"
                    ]
                },
                "qLogOn": "LOG_ON_SERVICE_USER"
            }
        },
        {
            "qConnection": {
                "qId": "a5b4130c-9a18-4b1f-93c2-5753f989c0e5",
                "qName": "DataPrepAppCache",
                "qConnectionString": "\\\\LAPTOP-4Q5E2HTC\\SenseShare\\_SharedPersistence\\Apps\\DataPrepAppCache\\<APP_ID>",
                "qType": "folder",
                "qMeta": {
                    "qArchitecture": 0,
                    "createdDate": "2018-11-11T14:09:05.132Z",
                    "modifiedDate": "2018-11-11T14:09:05.210Z",
                    "privileges": [
                        "read",
                        "update",
                        "delete"
                    ]
                },
                "qLogOn": "LOG_ON_SERVICE_USER"
            }
        },
        {
            "qConnection": {
                "qId": "93f6aa85-bc59-4876-bca6-8171a7ad69b1",
                "qName": "SenseData standardappar",
                "qConnectionString": "C:\\Users\\",
                "qType": "folder",
                "qMeta": {
                    "qArchitecture": 0,
                    "createdDate": "2018-11-13T10:38:49.628Z",
                    "modifiedDate": "2018-11-13T10:38:49.628Z",
                    "privileges": [
                        "read",
                        "update",
                        "delete"
                    ]
                },
                "qLogOn": "LOG_ON_SERVICE_USER"
            }
        },
        {
            "qConnection": {
                "qId": "c6dd8b83-19c0-41ce-9a07-bffb203e8e09",
                "qName": "__GEO_TABLES",
                "qConnectionString": "C:\\Users\\AlbinSvanström\\AppData\\Local\\Programs\\Qlik\\Sense\\DataPrepService\\src\\geo",
                "qType": "folder",
                "qMeta": {
                    "qArchitecture": 0,
                    "createdDate": "2018-11-13T10:38:49.628Z",
                    "modifiedDate": "2018-11-13T10:38:49.628Z",
                    "privileges": [
                        "read",
                        "update",
                        "delete"
                    ]
                },
                "qLogOn": "LOG_ON_SERVICE_USER"
            }
        },
        {
            "qConnection": {
                "qId": "37ab4a37-5cb4-4fc2-9740-f2c6020678c2",
                "qName": "Nira",
                "qConnectionString": "C:\\Users\\FredrikOskarsson\\OneDrive - DrakeStone AB\\Projekt\\Nira Dynamics\\Resultaträkningsträning\\",
                "qType": "folder",
                "qMeta": {
                    "qArchitecture": 0,
                    "createdDate": "2018-11-15T13:02:14.207Z",
                    "modifiedDate": "2018-11-15T13:02:14.207Z",
                    "privileges": [
                        "read",
                        "update",
                        "delete"
                    ]
                },
                "qLogOn": "LOG_ON_SERVICE_USER"
            }
        }
    ],
    "fields": [],
    "variables": [
        {
            "qInfo": {
                "qId": "7ebce7ab-8290-46e5-8d8d-f2e26802a39d",
                "qType": "variable"
            },
            "qMetaDef": {},
            "qName": "ErrorMode",
            "qNumberPresentation": {
                "qType": "U",
                "qnDec": 10,
                "qUseThou": 0
            },
            "qDefinition": "1",
            "qIsScriptCreated": true,
            "qIsReserved": true
        },
        {
            "qInfo": {
                "qId": "19475108-76b3-4c15-8578-f625fdf5b74a",
                "qType": "variable"
            },
            "qMetaDef": {},
            "qName": "StripComments",
            "qNumberPresentation": {
                "qType": "U",
                "qnDec": 10,
                "qUseThou": 0
            },
            "qDefinition": "1",
            "qIsScriptCreated": true,
            "qIsReserved": true
        },
        {
            "qInfo": {
                "qId": "415e01f1-26dd-4779-b02f-fdffbbc1e607",
                "qType": "variable"
            },
            "qMetaDef": {},
            "qName": "OpenUrlTimeout",
            "qNumberPresentation": {
                "qType": "U",
                "qnDec": 10,
                "qUseThou": 0
            },
            "qDefinition": "86400",
            "qIsScriptCreated": true,
            "qIsReserved": true
        },
        {
            "qInfo": {
                "qId": "d878643b-14b6-457e-ae7a-e1d9626ca716",
                "qType": "variable"
            },
            "qMetaDef": {},
            "qName": "ScriptError",
            "qNumberPresentation": {
                "qType": "U",
                "qnDec": 10,
                "qUseThou": 0
            },
            "qIsScriptCreated": true,
            "qIsReserved": true
        },
        {
            "qInfo": {
                "qId": "85081fb9-b34b-45fa-ba89-e9839ba1ec79",
                "qType": "variable"
            },
            "qMetaDef": {},
            "qName": "ScriptErrorCount",
            "qNumberPresentation": {
                "qType": "U",
                "qnDec": 10,
                "qUseThou": 0
            },
            "qDefinition": "0",
            "qIsScriptCreated": true,
            "qIsReserved": true
        },
        {
            "qInfo": {
                "qId": "ac47f144-f084-4fdf-b311-e3569d7cb599",
                "qType": "variable"
            },
            "qMetaDef": {},
            "qName": "ScriptErrorList",
            "qNumberPresentation": {
                "qType": "U",
                "qnDec": 10,
                "qUseThou": 0
            },
            "qIsScriptCreated": true,
            "qIsReserved": true
        },
        {
            "qInfo": {
                "qId": "a0ca6f0f-9456-47be-837c-1cd1c8599a3b",
                "qType": "variable"
            },
            "qMetaDef": {},
            "qName": "ThousandSep",
            "qNumberPresentation": {
                "qType": "U",
                "qnDec": 10,
                "qUseThou": 0
            },
            "qDefinition": ",",
            "qIsScriptCreated": true,
            "qIsReserved": true
        },
        {
            "qInfo": {
                "qId": "c4d61942-29f6-43bb-88ba-048228dbaa55",
                "qType": "variable"
            },
            "qMetaDef": {},
            "qName": "DecimalSep",
            "qNumberPresentation": {
                "qType": "U",
                "qnDec": 10,
                "qUseThou": 0
            },
            "qDefinition": ".",
            "qIsScriptCreated": true,
            "qIsReserved": true
        },
        {
            "qInfo": {
                "qId": "5734961a-013d-43ac-9951-b5bc736fbdee",
                "qType": "variable"
            },
            "qMetaDef": {},
            "qName": "MoneyThousandSep",
            "qNumberPresentation": {
                "qType": "U",
                "qnDec": 10,
                "qUseThou": 0
            },
            "qDefinition": ",",
            "qIsScriptCreated": true,
            "qIsReserved": true
        },
        {
            "qInfo": {
                "qId": "79193be9-6a4e-4ad5-8289-53636f813569",
                "qType": "variable"
            },
            "qMetaDef": {},
            "qName": "MoneyDecimalSep",
            "qNumberPresentation": {
                "qType": "U",
                "qnDec": 10,
                "qUseThou": 0
            },
            "qDefinition": ".",
            "qIsScriptCreated": true,
            "qIsReserved": true
        },
        {
            "qInfo": {
                "qId": "50493712-81c7-417a-b548-f704a6adf01d",
                "qType": "variable"
            },
            "qMetaDef": {},
            "qName": "MoneyFormat",
            "qNumberPresentation": {
                "qType": "U",
                "qnDec": 10,
                "qUseThou": 0
            },
            "qDefinition": "$#,##0.00;-$#,##0.00",
            "qIsScriptCreated": true,
            "qIsReserved": true
        },
        {
            "qInfo": {
                "qId": "9aaa77eb-9506-4965-9c75-ee5161bc05ee",
                "qType": "variable"
            },
            "qMetaDef": {},
            "qName": "TimeFormat",
            "qNumberPresentation": {
                "qType": "U",
                "qnDec": 10,
                "qUseThou": 0
            },
            "qDefinition": "h:mm:ss TT",
            "qIsScriptCreated": true,
            "qIsReserved": true
        },
        {
            "qInfo": {
                "qId": "96edfaa3-269f-4dcf-8e2f-a66519cf1927",
                "qType": "variable"
            },
            "qMetaDef": {},
            "qName": "DateFormat",
            "qNumberPresentation": {
                "qType": "U",
                "qnDec": 10,
                "qUseThou": 0
            },
            "qDefinition": "M/D/YYYY",
            "qIsScriptCreated": true,
            "qIsReserved": true
        },
        {
            "qInfo": {
                "qId": "7a7abce1-de5c-4c44-a93c-cada27faf76c",
                "qType": "variable"
            },
            "qMetaDef": {},
            "qName": "TimestampFormat",
            "qNumberPresentation": {
                "qType": "U",
                "qnDec": 10,
                "qUseThou": 0
            },
            "qDefinition": "M/D/YYYY h:mm:ss[.fff] TT",
            "qIsScriptCreated": true,
            "qIsReserved": true
        },
        {
            "qInfo": {
                "qId": "4eeb44b8-8c5c-4d84-a121-994de41aad6d",
                "qType": "variable"
            },
            "qMetaDef": {},
            "qName": "FirstWeekDay",
            "qNumberPresentation": {
                "qType": "U",
                "qnDec": 10,
                "qUseThou": 0
            },
            "qDefinition": "6",
            "qIsScriptCreated": true,
            "qIsReserved": true
        },
        {
            "qInfo": {
                "qId": "67a1b37d-afce-4a23-98ec-e339ed06cf59",
                "qType": "variable"
            },
            "qMetaDef": {},
            "qName": "BrokenWeeks",
            "qNumberPresentation": {
                "qType": "U",
                "qnDec": 10,
                "qUseThou": 0
            },
            "qDefinition": "1",
            "qIsScriptCreated": true,
            "qIsReserved": true
        },
        {
            "qInfo": {
                "qId": "8ed91600-418a-4fd5-b2b9-e3ed975148c8",
                "qType": "variable"
            },
            "qMetaDef": {},
            "qName": "ReferenceDay",
            "qNumberPresentation": {
                "qType": "U",
                "qnDec": 10,
                "qUseThou": 0
            },
            "qDefinition": "0",
            "qIsScriptCreated": true,
            "qIsReserved": true
        },
        {
            "qInfo": {
                "qId": "5e50aa5b-1fdb-43ad-8600-684513fbeca2",
                "qType": "variable"
            },
            "qMetaDef": {},
            "qName": "FirstMonthOfYear",
            "qNumberPresentation": {
                "qType": "U",
                "qnDec": 10,
                "qUseThou": 0
            },
            "qDefinition": "1",
            "qIsScriptCreated": true,
            "qIsReserved": true
        },
        {
            "qInfo": {
                "qId": "0d4f3ab8-6649-452e-8b61-77ee95b0c003",
                "qType": "variable"
            },
            "qMetaDef": {},
            "qName": "CollationLocale",
            "qNumberPresentation": {
                "qType": "U",
                "qnDec": 10,
                "qUseThou": 0
            },
            "qDefinition": "en-US",
            "qIsScriptCreated": true,
            "qIsReserved": true
        },
        {
            "qInfo": {
                "qId": "04e5d300-f501-4430-85d4-6fdd76d2b4f1",
                "qType": "variable"
            },
            "qMetaDef": {},
            "qName": "CreateSearchIndexOnReload",
            "qNumberPresentation": {
                "qType": "U",
                "qnDec": 10,
                "qUseThou": 0
            },
            "qDefinition": "1",
            "qIsScriptCreated": true,
            "qIsReserved": true
        },
        {
            "qInfo": {
                "qId": "6194a9c9-d8be-4693-a14c-98b42ae99ef1",
                "qType": "variable"
            },
            "qMetaDef": {},
            "qName": "MonthNames",
            "qNumberPresentation": {
                "qType": "U",
                "qnDec": 10,
                "qUseThou": 0
            },
            "qDefinition": "Jan;Feb;Mar;Apr;May;Jun;Jul;Aug;Sep;Oct;Nov;Dec",
            "qIsScriptCreated": true,
            "qIsReserved": true
        },
        {
            "qInfo": {
                "qId": "f005df5c-2c51-421b-96b4-e47291dd8ed7",
                "qType": "variable"
            },
            "qMetaDef": {},
            "qName": "LongMonthNames",
            "qNumberPresentation": {
                "qType": "U",
                "qnDec": 10,
                "qUseThou": 0
            },
            "qDefinition": "January;February;March;April;May;June;July;August;September;October;November;December",
            "qIsScriptCreated": true,
            "qIsReserved": true
        },
        {
            "qInfo": {
                "qId": "3d93c55f-7f74-4c18-b1a9-4f738d672657",
                "qType": "variable"
            },
            "qMetaDef": {},
            "qName": "DayNames",
            "qNumberPresentation": {
                "qType": "U",
                "qnDec": 10,
                "qUseThou": 0
            },
            "qDefinition": "Mon;Tue;Wed;Thu;Fri;Sat;Sun",
            "qIsScriptCreated": true,
            "qIsReserved": true
        },
        {
            "qInfo": {
                "qId": "a141c9b1-8dde-42a7-b0a7-7744be91dce7",
                "qType": "variable"
            },
            "qMetaDef": {},
            "qName": "LongDayNames",
            "qNumberPresentation": {
                "qType": "U",
                "qnDec": 10,
                "qUseThou": 0
            },
            "qDefinition": "Monday;Tuesday;Wednesday;Thursday;Friday;Saturday;Sunday",
            "qIsScriptCreated": true,
            "qIsReserved": true
        },
        {
            "qInfo": {
                "qId": "cc079c47-4944-45bc-a877-f75003398212",
                "qType": "variable"
            },
            "qMetaDef": {},
            "qName": "NumericalAbbreviation",
            "qNumberPresentation": {
                "qType": "U",
                "qnDec": 10,
                "qUseThou": 0
            },
            "qDefinition": "3:k;6:M;9:G;12:T;15:P;18:E;21:Z;24:Y;-3:m;-6:μ;-9:n;-12:p;-15:f;-18:a;-21:z;-24:y",
            "qIsScriptCreated": true,
            "qIsReserved": true
        }
    ],
    "embeddedmedia": [],
    "bookmarks": []
}
