{
    "dataconnections": [
        {
            "qConnection": {
                "qId": "a6261e01-302f-4e3f-8fb9-cb6a447c591a",
                "qName": "QLogs",
                "qConnectionString": "CUSTOM CONNECT TO \"provider=QvOdbcConnectorPackage.exe;driver=postgres;host=LAPTOP-4Q5E2HTC;port=4432;db=QLogs;FetchTSWTZasTimestamp=1;MaxVarcharSize=262144;\"",
                "qType": "QvOdbcConnectorPackage.exe",
                "qMeta": {
                    "qArchitecture": 0,
                    "createdDate": "2018-09-03T14:06:56.405Z",
                    "modifiedDate": "2018-09-03T14:06:56.405Z",
                    "privileges": [
                        "read",
                        "update",
                        "delete"
                    ]
                },
                "qLogOn": "LOG_ON_SERVICE_USER"
            }
        },
        {
            "qConnection": {
                "qId": "47a1cfd8-f70e-4a98-a00d-00fca6c8e253",
                "qName": "AttachedFiles",
                "qConnectionString": "\\\\LAPTOP-4Q5E2HTC\\SenseShare\\_SharedPersistence\\StaticContent\\AppContent\\<APP_ID>",
                "qType": "folder",
                "qMeta": {
                    "qArchitecture": 0,
                    "createdDate": "2018-09-03T14:06:56.462Z",
                    "modifiedDate": "2018-09-03T14:06:56.462Z",
                    "privileges": [
                        "read",
                        "update",
                        "delete"
                    ]
                },
                "qLogOn": "LOG_ON_SERVICE_USER"
            }
        },
        {
            "qConnection": {
                "qId": "059b0778-1d27-4398-8973-300484554382",
                "qName": "ArchivedLogsFolder",
                "qConnectionString": "\\\\LAPTOP-4Q5E2HTC\\SenseShare\\_SharedPersistence\\ArchivedLogs",
                "qType": "folder",
                "qMeta": {
                    "qArchitecture": 0,
                    "createdDate": "2018-09-03T14:06:57.013Z",
                    "modifiedDate": "2018-09-03T14:06:57.013Z",
                    "privileges": [
                        "read",
                        "update",
                        "delete"
                    ]
                },
                "qLogOn": "LOG_ON_SERVICE_USER"
            }
        },
        {
            "qConnection": {
                "qId": "06c3c2f6-7dc1-4e84-9ea6-0f15a67266de",
                "qName": "monitor_apps_REST_event",
                "qConnectionString": "CUSTOM CONNECT TO \"provider=QvRestConnector.exe;url=https://laptop-4q5e2htc/qrs/event/full;timeout=900;method=GET;autoDetectResponseType=true;keyGenerationStrategy=0;authSchema=ntlm;skipServerCertificateValidation=true;useCertificate=No;certificateStoreLocation=LocalMachine;certificateStoreName=My;trustedLocations=qrs-proxy%2https://laptop-4q5e2htc:4244;queryParameters=xrfkey%20000000000000000;addMissingQueryParametersToFinalRequest=false;queryHeaders=X-Qlik-XrfKey%20000000000000000%1User-Agent%2Windows;PaginationType=None;\"",
                "qType": "QvRestConnector.exe",
                "qMeta": {
                    "qArchitecture": 0,
                    "createdDate": "2018-09-03T14:06:56.958Z",
                    "modifiedDate": "2018-11-07T15:08:23.583Z",
                    "privileges": [
                        "read",
                        "update",
                        "delete"
                    ]
                },
                "qLogOn": "LOG_ON_SERVICE_USER"
            }
        },
        {
            "qConnection": {
                "qId": "c9c9659f-5f63-478c-b101-3f32c68ed35a",
                "qName": "monitor_apps_REST_license_login",
                "qConnectionString": "CUSTOM CONNECT TO \"provider=QvRestConnector.exe;url=https://laptop-4q5e2htc/qrs/license/loginaccesstype/full;timeout=900;method=GET;autoDetectResponseType=true;keyGenerationStrategy=0;authSchema=ntlm;skipServerCertificateValidation=true;useCertificate=No;certificateStoreLocation=LocalMachine;certificateStoreName=My;trustedLocations=qrs-proxy%2https://laptop-4q5e2htc:4244;queryParameters=xrfkey%20000000000000000;addMissingQueryParametersToFinalRequest=false;queryHeaders=X-Qlik-XrfKey%20000000000000000%1User-Agent%2Windows;PaginationType=None;\"",
                "qType": "QvRestConnector.exe",
                "qMeta": {
                    "qArchitecture": 0,
                    "createdDate": "2018-09-03T14:06:56.958Z",
                    "modifiedDate": "2018-11-07T15:08:30.674Z",
                    "privileges": [
                        "read",
                        "update",
                        "delete"
                    ]
                },
                "qLogOn": "LOG_ON_SERVICE_USER"
            }
        },
        {
            "qConnection": {
                "qId": "136bde2c-741d-4d36-bedf-9ca98d7080b9",
                "qName": "monitor_apps_REST_license_overview",
                "qConnectionString": "CUSTOM CONNECT TO \"provider=QvRestConnector.exe;url=https://laptop-4q5e2htc/qrs/license/accesstypeoverview;timeout=900;method=GET;autoDetectResponseType=true;keyGenerationStrategy=0;authSchema=ntlm;skipServerCertificateValidation=true;useCertificate=No;certificateStoreLocation=LocalMachine;certificateStoreName=My;trustedLocations=qrs-proxy%2https://laptop-4q5e2htc:4244;queryParameters=xrfkey%20000000000000000;addMissingQueryParametersToFinalRequest=false;queryHeaders=X-Qlik-XrfKey%20000000000000000%1User-Agent%2Windows;PaginationType=None;\"",
                "qType": "QvRestConnector.exe",
                "qMeta": {
                    "qArchitecture": 0,
                    "createdDate": "2018-09-03T14:06:56.958Z",
                    "modifiedDate": "2018-11-07T15:08:36.347Z",
                    "privileges": [
                        "read",
                        "update",
                        "delete"
                    ]
                },
                "qLogOn": "LOG_ON_SERVICE_USER"
            }
        },
        {
            "qConnection": {
                "qId": "089f7da4-4f46-4c1a-bbd1-ec61cf7bf07f",
                "qName": "monitor_apps_REST_license_user",
                "qConnectionString": "CUSTOM CONNECT TO \"provider=QvRestConnector.exe;url=https://laptop-4q5e2htc/qrs/license/useraccesstype/full;timeout=900;method=GET;autoDetectResponseType=true;keyGenerationStrategy=0;authSchema=ntlm;skipServerCertificateValidation=true;useCertificate=No;certificateStoreLocation=LocalMachine;certificateStoreName=My;trustedLocations=qrs-proxy%2https://laptop-4q5e2htc:4244;queryParameters=xrfkey%20000000000000000;addMissingQueryParametersToFinalRequest=false;queryHeaders=X-Qlik-XrfKey%20000000000000000%1User-Agent%2Windows;PaginationType=None;\"",
                "qType": "QvRestConnector.exe",
                "qMeta": {
                    "qArchitecture": 0,
                    "createdDate": "2018-09-03T14:06:56.958Z",
                    "modifiedDate": "2018-11-07T15:08:45.685Z",
                    "privileges": [
                        "read",
                        "update",
                        "delete"
                    ]
                },
                "qLogOn": "LOG_ON_SERVICE_USER"
            }
        },
        {
            "qConnection": {
                "qId": "3201a27b-802a-4a5e-ade5-bf36e07fcb3a",
                "qName": "monitor_apps_REST_appobject",
                "qConnectionString": "CUSTOM CONNECT TO \"provider=QvRestConnector.exe;url=https://laptop-4q5e2htc/qrs/app/object/full;timeout=900;method=GET;autoDetectResponseType=true;keyGenerationStrategy=0;authSchema=ntlm;skipServerCertificateValidation=true;useCertificate=No;certificateStoreLocation=LocalMachine;certificateStoreName=My;trustedLocations=qrs-proxy%2https://laptop-4q5e2htc:4244;queryParameters=xrfkey%20000000000000000;addMissingQueryParametersToFinalRequest=false;queryHeaders=X-Qlik-XrfKey%20000000000000000%1User-Agent%2Windows;PaginationType=None;\"",
                "qType": "QvRestConnector.exe",
                "qMeta": {
                    "qArchitecture": 0,
                    "createdDate": "2018-09-03T14:06:56.958Z",
                    "modifiedDate": "2018-11-07T15:08:17.394Z",
                    "privileges": [
                        "read",
                        "update",
                        "delete"
                    ]
                },
                "qLogOn": "LOG_ON_SERVICE_USER"
            }
        },
        {
            "qConnection": {
                "qId": "1d35a28f-3990-4753-a865-8329da82c228",
                "qName": "monitor_apps_REST_user",
                "qConnectionString": "CUSTOM CONNECT TO \"provider=QvRestConnector.exe;url=https://laptop-4q5e2htc/qrs/user/full;timeout=900;method=GET;autoDetectResponseType=true;keyGenerationStrategy=0;authSchema=ntlm;skipServerCertificateValidation=true;useCertificate=No;certificateStoreLocation=LocalMachine;certificateStoreName=My;trustedLocations=qrs-proxy%2https://laptop-4q5e2htc:4244;queryParameters=xrfkey%20000000000000000;addMissingQueryParametersToFinalRequest=false;queryHeaders=X-Qlik-XrfKey%20000000000000000%1User-Agent%2Windows;PaginationType=None;\"",
                "qType": "QvRestConnector.exe",
                "qMeta": {
                    "qArchitecture": 0,
                    "createdDate": "2018-09-03T14:06:56.958Z",
                    "modifiedDate": "2018-11-07T15:08:54.682Z",
                    "privileges": [
                        "read",
                        "update",
                        "delete"
                    ]
                },
                "qLogOn": "LOG_ON_SERVICE_USER"
            }
        },
        {
            "qConnection": {
                "qId": "0cf9de8e-c340-491c-8a35-ec82683fad69",
                "qName": "monitor_apps_REST_task",
                "qConnectionString": "CUSTOM CONNECT TO \"provider=QvRestConnector.exe;url=https://laptop-4q5e2htc/qrs/task/full;timeout=900;method=GET;autoDetectResponseType=true;keyGenerationStrategy=0;authSchema=ntlm;skipServerCertificateValidation=true;useCertificate=No;certificateStoreLocation=LocalMachine;certificateStoreName=My;trustedLocations=qrs-proxy%2https://laptop-4q5e2htc:4244;queryParameters=xrfkey%20000000000000000;addMissingQueryParametersToFinalRequest=false;queryHeaders=X-Qlik-XrfKey%20000000000000000%1User-Agent%2Windows;PaginationType=None;\"",
                "qType": "QvRestConnector.exe",
                "qMeta": {
                    "qArchitecture": 0,
                    "createdDate": "2018-09-03T14:06:56.958Z",
                    "modifiedDate": "2018-11-07T15:08:50.800Z",
                    "privileges": [
                        "read",
                        "update",
                        "delete"
                    ]
                },
                "qLogOn": "LOG_ON_SERVICE_USER"
            }
        },
        {
            "qConnection": {
                "qId": "08bba3af-305a-4ce0-a8d0-419978c53980",
                "qName": "ServerLogFolder",
                "qConnectionString": "C:\\ProgramData\\Qlik\\Sense\\Log\\",
                "qType": "folder",
                "qMeta": {
                    "qArchitecture": 0,
                    "createdDate": "2018-09-03T14:07:29.352Z",
                    "modifiedDate": "2018-09-03T14:07:29.352Z",
                    "privileges": [
                        "read",
                        "update",
                        "delete"
                    ]
                },
                "qLogOn": "LOG_ON_SERVICE_USER"
            }
        },
        {
            "qConnection": {
                "qId": "afafcaa2-72d4-4622-98c5-d9c1844b2791",
                "qName": "EI datakälla (azuread_fredrikoskarsson)",
                "qConnectionString": "C:\\Users\\FredrikOskarsson\\DrakeStone AB\\Drake Analytics - Documents\\Övrigt\\Kurser\\20181109 Qlik Sense User Training - Energimarknadsinspektionen\\",
                "qType": "folder",
                "qMeta": {
                    "qArchitecture": 0,
                    "createdDate": "2018-11-09T08:39:53.184Z",
                    "modifiedDate": "2018-11-09T08:39:53.184Z",
                    "privileges": [
                        "read",
                        "update",
                        "delete"
                    ]
                },
                "qLogOn": "LOG_ON_SERVICE_USER"
            }
        },
        {
            "qConnection": {
                "qId": "3255d484-b650-488b-a452-e5c5d02ba5a6",
                "qName": "supercharge.info",
                "qConnectionString": "CUSTOM CONNECT TO \"provider=QvRestConnector.exe;url=https://supercharge.info/service/supercharge/allSites;timeout=30;method=GET;sendExpect100Continue=true;autoDetectResponseType=true;checkResponseTypeOnTestConnection=true;keyGenerationStrategy=0;authSchema=anonymous;skipServerCertificateValidation=false;useCertificate=No;certificateStoreLocation=LocalMachine;certificateStoreName=My;addMissingQueryParametersToFinalRequest=false;PaginationType=None;allowResponseHeaders=false;allowHttpsOnly=false;\"",
                "qType": "QvRestConnector.exe",
                "qMeta": {
                    "qArchitecture": 0,
                    "createdDate": "2018-10-09T12:43:04.483Z",
                    "modifiedDate": "2018-10-09T12:44:38.199Z",
                    "privileges": [
                        "read",
                        "update",
                        "delete"
                    ]
                },
                "qLogOn": "LOG_ON_SERVICE_USER"
            }
        },
        {
            "qConnection": {
                "qId": "82789c18-b81e-485d-899d-6ac314253059",
                "qName": "monitor_apps_REST_app",
                "qConnectionString": "CUSTOM CONNECT TO \"provider=QvRestConnector.exe;url=https://laptop-4q5e2htc/qrs/app/full;timeout=900;method=GET;autoDetectResponseType=true;keyGenerationStrategy=0;authSchema=ntlm;skipServerCertificateValidation=true;useCertificate=No;certificateStoreLocation=LocalMachine;certificateStoreName=My;trustedLocations=qrs-proxy%2https://laptop-4q5e2htc:4244;queryParameters=xrfkey%20000000000000000;addMissingQueryParametersToFinalRequest=false;queryHeaders=X-Qlik-XrfKey%20000000000000000%1User-Agent%2Windows;PaginationType=None;\"",
                "qType": "QvRestConnector.exe",
                "qMeta": {
                    "qArchitecture": 0,
                    "createdDate": "2018-09-03T14:06:56.958Z",
                    "modifiedDate": "2018-11-07T15:05:57.595Z",
                    "privileges": [
                        "read",
                        "update",
                        "delete"
                    ]
                },
                "qLogOn": "LOG_ON_SERVICE_USER"
            }
        },
        {
            "qConnection": {
                "qId": "a10b8554-8858-4d3f-aece-9c881c1b94aa",
                "qName": "monitor_apps_REST_license_analyzer",
                "qConnectionString": "CUSTOM CONNECT TO \"provider=QvRestConnector.exe;url=https://laptop-4q5e2htc/qrs/license/analyzeraccesstype/full;timeout=900;method=GET;autoDetectResponseType=true;keyGenerationStrategy=0;authSchema=ntlm;skipServerCertificateValidation=true;useCertificate=No;certificateStoreLocation=LocalMachine;certificateStoreName=My;trustedLocations=qrs-proxy%2https://laptop-4q5e2htc:4244;queryParameters=xrfkey%20000000000000000;addMissingQueryParametersToFinalRequest=false;queryHeaders=X-Qlik-XrfKey%20000000000000000%1User-Agent%2Windows;PaginationType=None;\"",
                "qType": "QvRestConnector.exe",
                "qMeta": {
                    "qArchitecture": 0,
                    "createdDate": "2018-09-03T14:06:56.958Z",
                    "modifiedDate": "2018-11-07T15:08:27.014Z",
                    "privileges": [
                        "read",
                        "update",
                        "delete"
                    ]
                },
                "qLogOn": "LOG_ON_SERVICE_USER"
            }
        },
        {
            "qConnection": {
                "qId": "515e135f-6dec-425c-94df-cd38410c699c",
                "qName": "monitor_apps_REST_license_professional",
                "qConnectionString": "CUSTOM CONNECT TO \"provider=QvRestConnector.exe;url=https://laptop-4q5e2htc/qrs/license/professionalaccesstype/full;timeout=900;method=GET;autoDetectResponseType=true;keyGenerationStrategy=0;authSchema=ntlm;skipServerCertificateValidation=true;useCertificate=No;certificateStoreLocation=LocalMachine;certificateStoreName=My;trustedLocations=qrs-proxy%2https://laptop-4q5e2htc:4244;queryParameters=xrfkey%20000000000000000;addMissingQueryParametersToFinalRequest=false;queryHeaders=X-Qlik-XrfKey%20000000000000000%1User-Agent%2Windows;PaginationType=None;\"",
                "qType": "QvRestConnector.exe",
                "qMeta": {
                    "qArchitecture": 0,
                    "createdDate": "2018-09-03T14:06:56.958Z",
                    "modifiedDate": "2018-11-07T15:08:40.395Z",
                    "privileges": [
                        "read",
                        "update",
                        "delete"
                    ]
                },
                "qLogOn": "LOG_ON_SERVICE_USER"
            }
        },
        {
            "qConnection": {
                "qId": "333cb4c9-ddc1-4c1f-8c5f-0f2ccf486be7",
                "qName": "ImportFiles",
                "qConnectionString": "D:\\OneDrive\\DrakeStone AB\\Drake Analytics - Documents\\Qlik\\Utbildning\\Qlik Sense Developer I\\Filer\\Filler till Sense-mapp\\ImportFiles\\",
                "qType": "folder",
                "qMeta": {
                    "qArchitecture": 0,
                    "createdDate": "2018-11-09T08:01:47.518Z",
                    "modifiedDate": "2018-11-09T08:01:47.518Z",
                    "privileges": [
                        "read",
                        "update",
                        "delete"
                    ]
                },
                "qLogOn": "LOG_ON_SERVICE_USER"
            }
        },
        {
            "qConnection": {
                "qId": "dde631c8-73b9-4a89-910f-f03d64cdc089",
                "qName": "Data",
                "qConnectionString": "D:\\OneDrive\\DrakeStone AB\\Drake Analytics - Documents\\Qlik\\Utbildning\\Qlik Sense Developer I\\Filer\\Filler till Sense-mapp\\QVD\\Extract\\",
                "qType": "folder",
                "qMeta": {
                    "qArchitecture": 0,
                    "createdDate": "2018-11-09T08:01:47.518Z",
                    "modifiedDate": "2018-11-09T08:01:47.518Z",
                    "privileges": [
                        "read",
                        "update",
                        "delete"
                    ]
                },
                "qLogOn": "LOG_ON_SERVICE_USER"
            }
        },
        {
            "qConnection": {
                "qId": "a5b4130c-9a18-4b1f-93c2-5753f989c0e5",
                "qName": "DataPrepAppCache",
                "qConnectionString": "\\\\LAPTOP-4Q5E2HTC\\SenseShare\\_SharedPersistence\\Apps\\DataPrepAppCache\\<APP_ID>",
                "qType": "folder",
                "qMeta": {
                    "qArchitecture": 0,
                    "createdDate": "2018-11-11T14:09:05.132Z",
                    "modifiedDate": "2018-11-11T14:09:05.210Z",
                    "privileges": [
                        "read",
                        "update",
                        "delete"
                    ]
                },
                "qLogOn": "LOG_ON_SERVICE_USER"
            }
        },
        {
            "qConnection": {
                "qId": "93f6aa85-bc59-4876-bca6-8171a7ad69b1",
                "qName": "SenseData standardappar",
                "qConnectionString": "C:\\Users\\",
                "qType": "folder",
                "qMeta": {
                    "qArchitecture": 0,
                    "createdDate": "2018-11-13T10:38:49.628Z",
                    "modifiedDate": "2018-11-13T10:38:49.628Z",
                    "privileges": [
                        "read",
                        "update",
                        "delete"
                    ]
                },
                "qLogOn": "LOG_ON_SERVICE_USER"
            }
        },
        {
            "qConnection": {
                "qId": "c6dd8b83-19c0-41ce-9a07-bffb203e8e09",
                "qName": "__GEO_TABLES",
                "qConnectionString": "C:\\Users\\AlbinSvanström\\AppData\\Local\\Programs\\Qlik\\Sense\\DataPrepService\\src\\geo",
                "qType": "folder",
                "qMeta": {
                    "qArchitecture": 0,
                    "createdDate": "2018-11-13T10:38:49.628Z",
                    "modifiedDate": "2018-11-13T10:38:49.628Z",
                    "privileges": [
                        "read",
                        "update",
                        "delete"
                    ]
                },
                "qLogOn": "LOG_ON_SERVICE_USER"
            }
        },
        {
            "qConnection": {
                "qId": "37ab4a37-5cb4-4fc2-9740-f2c6020678c2",
                "qName": "Nira",
                "qConnectionString": "C:\\Users\\FredrikOskarsson\\OneDrive - DrakeStone AB\\Projekt\\Nira Dynamics\\Resultaträkningsträning\\",
                "qType": "folder",
                "qMeta": {
                    "qArchitecture": 0,
                    "createdDate": "2018-11-15T13:02:14.207Z",
                    "modifiedDate": "2018-11-15T13:02:14.207Z",
                    "privileges": [
                        "read",
                        "update",
                        "delete"
                    ]
                },
                "qLogOn": "LOG_ON_SERVICE_USER"
            }
        }
    ]
}
