{
    "properties": {
        "qTitle": "Git test app",
        "qLastReloadTime": "2018-11-20T13:13:56.876Z",
        "qMigrationHash": "98d482c3f964dccf69cbfb9a00e0c048ea6eb221",
        "qSavedInProductVersion": "12.212.4",
        "qThumbnail": {},
        "createdDate": "2018-11-20T12:10:18.937Z",
        "modifiedDate": "2018-11-20T13:17:31.092Z",
        "published": true,
        "publishTime": "2018-11-20T13:17:30.969Z",
        "privileges": [
            "read",
            "update",
            "delete",
            "publish",
            "exportdata",
            "offlineaccess",
            "duplicate"
        ],
        "description": "",
        "dynamicColor": "",
        "create": [
            {
                "resource": "sheet",
                "canCreate": true
            },
            {
                "resource": "bookmark",
                "canCreate": true
            },
            {
                "resource": "story",
                "canCreate": true
            },
            {
                "resource": "dimension",
                "canCreate": true
            },
            {
                "resource": "measure",
                "canCreate": true
            },
            {
                "resource": "masterobject",
                "canCreate": true
            },
            {
                "resource": "folderconnection",
                "canCreate": true
            },
            {
                "resource": "oledbconnection",
                "canCreate": true
            },
            {
                "resource": "odbcconnection",
                "canCreate": true
            },
            {
                "resource": "internetconnection",
                "canCreate": true
            },
            {
                "resource": "customconnection",
                "canCreate": true
            }
        ],
        "stream": {
            "id": "dfa5c293-7b1a-443d-99e1-90cd511fc77c",
            "name": "Test"
        },
        "canCreateDataConnections": true
    }
}
