{
    "variables": [
        {
            "qInfo": {
                "qId": "7ebce7ab-8290-46e5-8d8d-f2e26802a39d",
                "qType": "variable"
            },
            "qMetaDef": {},
            "qName": "ErrorMode",
            "qNumberPresentation": {
                "qType": "U",
                "qnDec": 10,
                "qUseThou": 0
            },
            "qDefinition": "1",
            "qIsScriptCreated": true,
            "qIsReserved": true
        },
        {
            "qInfo": {
                "qId": "19475108-76b3-4c15-8578-f625fdf5b74a",
                "qType": "variable"
            },
            "qMetaDef": {},
            "qName": "StripComments",
            "qNumberPresentation": {
                "qType": "U",
                "qnDec": 10,
                "qUseThou": 0
            },
            "qDefinition": "1",
            "qIsScriptCreated": true,
            "qIsReserved": true
        },
        {
            "qInfo": {
                "qId": "415e01f1-26dd-4779-b02f-fdffbbc1e607",
                "qType": "variable"
            },
            "qMetaDef": {},
            "qName": "OpenUrlTimeout",
            "qNumberPresentation": {
                "qType": "U",
                "qnDec": 10,
                "qUseThou": 0
            },
            "qDefinition": "86400",
            "qIsScriptCreated": true,
            "qIsReserved": true
        },
        {
            "qInfo": {
                "qId": "d878643b-14b6-457e-ae7a-e1d9626ca716",
                "qType": "variable"
            },
            "qMetaDef": {},
            "qName": "ScriptError",
            "qNumberPresentation": {
                "qType": "U",
                "qnDec": 10,
                "qUseThou": 0
            },
            "qIsScriptCreated": true,
            "qIsReserved": true
        },
        {
            "qInfo": {
                "qId": "85081fb9-b34b-45fa-ba89-e9839ba1ec79",
                "qType": "variable"
            },
            "qMetaDef": {},
            "qName": "ScriptErrorCount",
            "qNumberPresentation": {
                "qType": "U",
                "qnDec": 10,
                "qUseThou": 0
            },
            "qDefinition": "0",
            "qIsScriptCreated": true,
            "qIsReserved": true
        },
        {
            "qInfo": {
                "qId": "ac47f144-f084-4fdf-b311-e3569d7cb599",
                "qType": "variable"
            },
            "qMetaDef": {},
            "qName": "ScriptErrorList",
            "qNumberPresentation": {
                "qType": "U",
                "qnDec": 10,
                "qUseThou": 0
            },
            "qIsScriptCreated": true,
            "qIsReserved": true
        },
        {
            "qInfo": {
                "qId": "a0ca6f0f-9456-47be-837c-1cd1c8599a3b",
                "qType": "variable"
            },
            "qMetaDef": {},
            "qName": "ThousandSep",
            "qNumberPresentation": {
                "qType": "U",
                "qnDec": 10,
                "qUseThou": 0
            },
            "qDefinition": ",",
            "qIsScriptCreated": true,
            "qIsReserved": true
        },
        {
            "qInfo": {
                "qId": "c4d61942-29f6-43bb-88ba-048228dbaa55",
                "qType": "variable"
            },
            "qMetaDef": {},
            "qName": "DecimalSep",
            "qNumberPresentation": {
                "qType": "U",
                "qnDec": 10,
                "qUseThou": 0
            },
            "qDefinition": ".",
            "qIsScriptCreated": true,
            "qIsReserved": true
        },
        {
            "qInfo": {
                "qId": "5734961a-013d-43ac-9951-b5bc736fbdee",
                "qType": "variable"
            },
            "qMetaDef": {},
            "qName": "MoneyThousandSep",
            "qNumberPresentation": {
                "qType": "U",
                "qnDec": 10,
                "qUseThou": 0
            },
            "qDefinition": ",",
            "qIsScriptCreated": true,
            "qIsReserved": true
        },
        {
            "qInfo": {
                "qId": "79193be9-6a4e-4ad5-8289-53636f813569",
                "qType": "variable"
            },
            "qMetaDef": {},
            "qName": "MoneyDecimalSep",
            "qNumberPresentation": {
                "qType": "U",
                "qnDec": 10,
                "qUseThou": 0
            },
            "qDefinition": ".",
            "qIsScriptCreated": true,
            "qIsReserved": true
        },
        {
            "qInfo": {
                "qId": "50493712-81c7-417a-b548-f704a6adf01d",
                "qType": "variable"
            },
            "qMetaDef": {},
            "qName": "MoneyFormat",
            "qNumberPresentation": {
                "qType": "U",
                "qnDec": 10,
                "qUseThou": 0
            },
            "qDefinition": "$#,##0.00;-$#,##0.00",
            "qIsScriptCreated": true,
            "qIsReserved": true
        },
        {
            "qInfo": {
                "qId": "9aaa77eb-9506-4965-9c75-ee5161bc05ee",
                "qType": "variable"
            },
            "qMetaDef": {},
            "qName": "TimeFormat",
            "qNumberPresentation": {
                "qType": "U",
                "qnDec": 10,
                "qUseThou": 0
            },
            "qDefinition": "h:mm:ss TT",
            "qIsScriptCreated": true,
            "qIsReserved": true
        },
        {
            "qInfo": {
                "qId": "96edfaa3-269f-4dcf-8e2f-a66519cf1927",
                "qType": "variable"
            },
            "qMetaDef": {},
            "qName": "DateFormat",
            "qNumberPresentation": {
                "qType": "U",
                "qnDec": 10,
                "qUseThou": 0
            },
            "qDefinition": "M/D/YYYY",
            "qIsScriptCreated": true,
            "qIsReserved": true
        },
        {
            "qInfo": {
                "qId": "7a7abce1-de5c-4c44-a93c-cada27faf76c",
                "qType": "variable"
            },
            "qMetaDef": {},
            "qName": "TimestampFormat",
            "qNumberPresentation": {
                "qType": "U",
                "qnDec": 10,
                "qUseThou": 0
            },
            "qDefinition": "M/D/YYYY h:mm:ss[.fff] TT",
            "qIsScriptCreated": true,
            "qIsReserved": true
        },
        {
            "qInfo": {
                "qId": "4eeb44b8-8c5c-4d84-a121-994de41aad6d",
                "qType": "variable"
            },
            "qMetaDef": {},
            "qName": "FirstWeekDay",
            "qNumberPresentation": {
                "qType": "U",
                "qnDec": 10,
                "qUseThou": 0
            },
            "qDefinition": "6",
            "qIsScriptCreated": true,
            "qIsReserved": true
        },
        {
            "qInfo": {
                "qId": "67a1b37d-afce-4a23-98ec-e339ed06cf59",
                "qType": "variable"
            },
            "qMetaDef": {},
            "qName": "BrokenWeeks",
            "qNumberPresentation": {
                "qType": "U",
                "qnDec": 10,
                "qUseThou": 0
            },
            "qDefinition": "1",
            "qIsScriptCreated": true,
            "qIsReserved": true
        },
        {
            "qInfo": {
                "qId": "8ed91600-418a-4fd5-b2b9-e3ed975148c8",
                "qType": "variable"
            },
            "qMetaDef": {},
            "qName": "ReferenceDay",
            "qNumberPresentation": {
                "qType": "U",
                "qnDec": 10,
                "qUseThou": 0
            },
            "qDefinition": "0",
            "qIsScriptCreated": true,
            "qIsReserved": true
        },
        {
            "qInfo": {
                "qId": "5e50aa5b-1fdb-43ad-8600-684513fbeca2",
                "qType": "variable"
            },
            "qMetaDef": {},
            "qName": "FirstMonthOfYear",
            "qNumberPresentation": {
                "qType": "U",
                "qnDec": 10,
                "qUseThou": 0
            },
            "qDefinition": "1",
            "qIsScriptCreated": true,
            "qIsReserved": true
        },
        {
            "qInfo": {
                "qId": "0d4f3ab8-6649-452e-8b61-77ee95b0c003",
                "qType": "variable"
            },
            "qMetaDef": {},
            "qName": "CollationLocale",
            "qNumberPresentation": {
                "qType": "U",
                "qnDec": 10,
                "qUseThou": 0
            },
            "qDefinition": "en-US",
            "qIsScriptCreated": true,
            "qIsReserved": true
        },
        {
            "qInfo": {
                "qId": "04e5d300-f501-4430-85d4-6fdd76d2b4f1",
                "qType": "variable"
            },
            "qMetaDef": {},
            "qName": "CreateSearchIndexOnReload",
            "qNumberPresentation": {
                "qType": "U",
                "qnDec": 10,
                "qUseThou": 0
            },
            "qDefinition": "1",
            "qIsScriptCreated": true,
            "qIsReserved": true
        },
        {
            "qInfo": {
                "qId": "6194a9c9-d8be-4693-a14c-98b42ae99ef1",
                "qType": "variable"
            },
            "qMetaDef": {},
            "qName": "MonthNames",
            "qNumberPresentation": {
                "qType": "U",
                "qnDec": 10,
                "qUseThou": 0
            },
            "qDefinition": "Jan;Feb;Mar;Apr;May;Jun;Jul;Aug;Sep;Oct;Nov;Dec",
            "qIsScriptCreated": true,
            "qIsReserved": true
        },
        {
            "qInfo": {
                "qId": "f005df5c-2c51-421b-96b4-e47291dd8ed7",
                "qType": "variable"
            },
            "qMetaDef": {},
            "qName": "LongMonthNames",
            "qNumberPresentation": {
                "qType": "U",
                "qnDec": 10,
                "qUseThou": 0
            },
            "qDefinition": "January;February;March;April;May;June;July;August;September;October;November;December",
            "qIsScriptCreated": true,
            "qIsReserved": true
        },
        {
            "qInfo": {
                "qId": "3d93c55f-7f74-4c18-b1a9-4f738d672657",
                "qType": "variable"
            },
            "qMetaDef": {},
            "qName": "DayNames",
            "qNumberPresentation": {
                "qType": "U",
                "qnDec": 10,
                "qUseThou": 0
            },
            "qDefinition": "Mon;Tue;Wed;Thu;Fri;Sat;Sun",
            "qIsScriptCreated": true,
            "qIsReserved": true
        },
        {
            "qInfo": {
                "qId": "a141c9b1-8dde-42a7-b0a7-7744be91dce7",
                "qType": "variable"
            },
            "qMetaDef": {},
            "qName": "LongDayNames",
            "qNumberPresentation": {
                "qType": "U",
                "qnDec": 10,
                "qUseThou": 0
            },
            "qDefinition": "Monday;Tuesday;Wednesday;Thursday;Friday;Saturday;Sunday",
            "qIsScriptCreated": true,
            "qIsReserved": true
        },
        {
            "qInfo": {
                "qId": "cc079c47-4944-45bc-a877-f75003398212",
                "qType": "variable"
            },
            "qMetaDef": {},
            "qName": "NumericalAbbreviation",
            "qNumberPresentation": {
                "qType": "U",
                "qnDec": 10,
                "qUseThou": 0
            },
            "qDefinition": "3:k;6:M;9:G;12:T;15:P;18:E;21:Z;24:Y;-3:m;-6:μ;-9:n;-12:p;-15:f;-18:a;-21:z;-24:y",
            "qIsScriptCreated": true,
            "qIsReserved": true
        }
    ]
}
